{
	"kinect0": [


	-0.633892, 0.028776, -0.829318, 0.000000, 
		

	-0.404577, 0.900446, 0.340484, 0.000000, 
		

	0.724509, 0.528000, -0.535460, -0.000000, 
		

	1.646528, 3.005006, -2.866348, 1.000000 
			],
"kinect1": [


	0.717078, 0.055102, 0.623774, -0.000000, 
		

	0.223868, 0.863091, -0.333597, 0.000000, 
		

	-0.584818, 0.397955, 0.637142, -0.000000, 
		

	-2.780640, 3.224414, 1.853705, 1.000000 
			]
}